obj_prg,obj_subprg,obj_key,Кодзадачи,НазваниеЗадачи,ПроцентЗавершенияЗадачи,plan_time,target,состояние площадки,Площадь,Генпроектировщик,Генподрядчик,Кол-во рабочих,predictions
Образование,Общеобразовательные учреждения,022-0525,3.11.6.1,наружные инженерные сети,0.0,0.0,19721.0,Не передана,9900.0,0.0,0.0,,267.9042933376084
Образование,Общеобразовательные учреждения,022-0528,3.11.6.1,наружные инженерные сети,0.0,0.0,19567.0,Не передана,12225.0,0.0,0.0,,268.63583028706364
Образование,Общеобразовательные учреждения,022-0528,3.11.6.1,наружные инженерные сети,0.0,0.0,19567.0,Занята,12225.0,0.0,0.0,,318.82539847302246
Образование,Дошкольные учреждения,022-0517,3.11.6.1,наружные инженерные сети,0.0,0.0,19636.0,,,,,,222.8444678164741
Здравоохранение,ССК,022-0592,3.11.6.1,наружные инженерные сети,0.0,88.0,77.0,,,,,,135.87353080916975
Здравоохранение,Поликлиники,022-0043,3.11.6.1,наружные инженерные сети,0.0,109.0,89.0,,,,,,122.23282183127047
Здравоохранение,Поликлиники,022-0631,3.11.6.1,наружные инженерные сети,0.0,60.0,112.0,,,,,,184.08973859733612
Образование,Дошкольные учреждения,021-0548,3.11.6.1,наружные инженерные сети,0.0,191.0,218.0,,,,,,95.11187492301806
Образование,Дошкольные учреждения,017-0520,3.11.6.1,наружные инженерные сети,0.0,59.0,0.0,,,,,,184.08973859733612
Образование,Дошкольные учреждения,022-0518,3.11.6.1,наружные инженерные сети,0.0,60.0,102.0,,,,,,184.08973859733612
Образование,Дошкольные учреждения,022-0520,3.11.6.1,наружные инженерные сети,0.0,214.0,33.0,,,,,,94.96932069678067
Образование,Общеобразовательные учреждения,019-0594,3.11.6.1,наружные инженерные сети,0.0,70.0,0.0,Занята,17488.0,1.0,2.0,,53.98255818438953
Образование,Общеобразовательные учреждения,019-0594,3.11.6.1,наружные инженерные сети,0.0,70.0,0.0,Занята,17488.0,0.0,0.0,,45.414196880934725
Образование,Общеобразовательные учреждения,017-0527,3.11.6.1,наружные инженерные сети,0.0,96.0,0.0,Занята,14784.0,8.0,5.0,,87.88535322834491
Образование,Общеобразовательные учреждения,022-0527,3.11.6.1,наружные инженерные сети,0.0,109.0,108.0,Не передана,9850.0,0.0,0.0,,47.81458015948908
Образование,Общеобразовательные учреждения,022-0527,3.11.6.1,наружные инженерные сети,0.0,109.0,108.0,Не передана,9850.0,34.0,23.0,,211.8238461317399
Образование,Общеобразовательные учреждения,022-0354,3.11.6.1,наружные инженерные сети,0.0,125.0,60.0,,20271.0,0.0,0.0,,30.714413066955785
Образование,Общеобразовательные учреждения,022-0354,3.11.6.1,наружные инженерные сети,0.0,125.0,60.0,"Свободна, не передана",20271.0,0.0,0.0,,39.155562055269186
Образование,Общеобразовательные учреждения,022-0354,3.11.6.1,наружные инженерные сети,0.0,125.0,60.0,Занята,20271.0,0.0,0.0,,23.529842646824548
Образование,Общеобразовательные учреждения,022-0354,3.11.6.1,наружные инженерные сети,0.0,125.0,60.0,Занята,20271.0,17.0,13.0,,259.13800493214546
Образование,Дошкольные учреждения,020-0151,3.11.6.1,наружные инженерные сети,100.0,339.0,36.0,,,,,,52.32434127701741
Образование,Дошкольные учреждения,021-0550,3.11.6.1,наружные инженерные сети,100.0,305.0,17.0,,,,,,51.76812852734166
Образование,Дошкольные учреждения,020-0149,3.11.6.1,наружные инженерные сети,100.0,87.0,1.0,,,,,,104.69714437008233
Образование,Дошкольные учреждения,019-0668,3.11.6.1,наружные инженерные сети,100.0,39.0,0.0,,,,,,181.58675834563238
Образование,Дошкольные учреждения,022-0171,3.11.6.1,наружные инженерные сети,100.0,8.0,-23.0,,,,,,181.58675834563238
Образование,Дошкольные учреждения,020-0719,3.11.6.1,наружные инженерные сети,100.0,107.0,0.0,,,,,,84.5762137215117
Образование,Общеобразовательные учреждения,020-0155,3.11.6.1,наружные инженерные сети,100.0,72.0,87.0,Занята,16484.0,8.0,5.0,,113.41342376544459
Образование,Общеобразовательные учреждения,020-0155,3.11.6.1,наружные инженерные сети,100.0,72.0,87.0,"Свободна, не передана",16484.0,8.0,5.0,,132.83396226045136
Образование,Общеобразовательные учреждения,020-0155,3.11.6.1,наружные инженерные сети,100.0,72.0,87.0,"Свободна, не передана",16484.0,8.0,5.0,10.0,134.80355480189905
Образование,Общеобразовательные учреждения,020-0155,3.11.6.1,наружные инженерные сети,100.0,72.0,87.0,"Свободна, не передана",16484.0,8.0,5.0,25.0,139.79916361817675
Образование,Общеобразовательные учреждения,020-0155,3.11.6.1,наружные инженерные сети,100.0,72.0,87.0,"Свободна, не передана",16484.0,8.0,5.0,24.0,139.79916361817675
Образование,Общеобразовательные учреждения,020-0155,3.11.6.1,наружные инженерные сети,100.0,72.0,87.0,"Свободна, не передана",16484.0,8.0,5.0,20.0,134.80355480189905
Образование,Общеобразовательные учреждения,020-0155,3.11.6.1,наружные инженерные сети,100.0,72.0,87.0,"Свободна, не передана",16484.0,8.0,5.0,41.0,141.71995940945973
Образование,Общеобразовательные учреждения,020-0155,3.11.6.1,наружные инженерные сети,100.0,72.0,87.0,"Свободна, не передана",16484.0,8.0,5.0,55.0,143.1123695699206
Образование,Общеобразовательные учреждения,020-0155,3.11.6.1,наружные инженерные сети,100.0,72.0,87.0,"Свободна, не передана",16484.0,8.0,5.0,58.0,143.1123695699206
Образование,Общеобразовательные учреждения,022-0170,3.11.6.1,наружные инженерные сети,100.0,124.0,0.0,"Свободна, передана",16402.54,1.0,2.0,271.0,38.95624214239176
Образование,Общеобразовательные учреждения,022-0170,3.11.6.1,наружные инженерные сети,100.0,124.0,0.0,"Свободна, передана",16402.54,1.0,2.0,339.0,38.95624214239176
Образование,Общеобразовательные учреждения,022-0170,3.11.6.1,наружные инженерные сети,100.0,124.0,0.0,"Свободна, передана",16402.54,1.0,2.0,307.0,38.95624214239176
Образование,Общеобразовательные учреждения,022-0170,3.11.6.1,наружные инженерные сети,100.0,124.0,0.0,"Свободна, передана",16402.54,1.0,2.0,338.0,38.95624214239176
Образование,Общеобразовательные учреждения,022-0170,3.11.6.1,наружные инженерные сети,100.0,124.0,0.0,"Свободна, передана",16402.54,1.0,2.0,279.0,38.95624214239176
Образование,Общеобразовательные учреждения,022-0170,3.11.6.1,наружные инженерные сети,100.0,124.0,0.0,"Свободна, передана",16402.54,1.0,2.0,334.0,38.95624214239176
Образование,Общеобразовательные учреждения,022-0170,3.11.6.1,наружные инженерные сети,100.0,124.0,0.0,"Свободна, передана",16402.54,1.0,2.0,464.0,38.95624214239176
Образование,Общеобразовательные учреждения,022-0170,3.11.6.1,наружные инженерные сети,100.0,124.0,0.0,"Свободна, передана",16402.54,1.0,2.0,492.0,38.95624214239176
Образование,Общеобразовательные учреждения,022-0170,3.11.6.1,наружные инженерные сети,100.0,124.0,0.0,"Свободна, передана",16402.54,1.0,2.0,458.0,38.95624214239176
Образование,Общеобразовательные учреждения,022-0170,3.11.6.1,наружные инженерные сети,100.0,124.0,0.0,"Свободна, передана",16402.54,1.0,2.0,463.0,38.95624214239176
Образование,Общеобразовательные учреждения,022-0170,3.11.6.1,наружные инженерные сети,100.0,124.0,0.0,"Свободна, передана",16402.54,1.0,2.0,477.0,38.95624214239176
Образование,Общеобразовательные учреждения,022-0170,3.11.6.1,наружные инженерные сети,100.0,124.0,0.0,"Свободна, передана",16402.54,1.0,2.0,482.0,38.95624214239176
Образование,Общеобразовательные учреждения,022-0170,3.11.6.1,наружные инженерные сети,100.0,124.0,0.0,"Свободна, передана",16402.54,1.0,2.0,468.0,38.95624214239176
Образование,Общеобразовательные учреждения,022-0170,3.11.6.1,наружные инженерные сети,100.0,124.0,0.0,"Свободна, передана",16402.54,1.0,2.0,497.0,38.95624214239176
Образование,Общеобразовательные учреждения,022-0170,3.11.6.1,наружные инженерные сети,100.0,124.0,0.0,"Свободна, передана",16402.54,1.0,2.0,485.0,38.95624214239176
Образование,Общеобразовательные учреждения,022-0170,3.11.6.1,наружные инженерные сети,100.0,124.0,0.0,"Свободна, передана",16402.54,1.0,2.0,486.0,38.95624214239176
Образование,Общеобразовательные учреждения,022-0170,3.11.6.1,наружные инженерные сети,100.0,124.0,0.0,"Свободна, передана",16402.54,1.0,2.0,530.0,38.95624214239176
Образование,Общеобразовательные учреждения,022-0170,3.11.6.1,наружные инженерные сети,100.0,124.0,0.0,"Свободна, передана",16402.54,1.0,2.0,489.0,38.95624214239176
Образование,Общеобразовательные учреждения,022-0170,3.11.6.1,наружные инженерные сети,100.0,124.0,0.0,"Свободна, передана",16402.54,1.0,2.0,465.0,38.95624214239176
Образование,Общеобразовательные учреждения,022-0170,3.11.6.1,наружные инженерные сети,100.0,124.0,0.0,"Свободна, передана",16402.54,1.0,2.0,451.0,38.95624214239176
Образование,Общеобразовательные учреждения,020-0156,3.11.6.1,наружные инженерные сети,100.0,88.0,130.0,Занята,13288.0,21.0,15.0,,307.9502737605479
Образование,Общеобразовательные учреждения,019-0430,3.11.6.1,наружные инженерные сети,100.0,569.0,-63.0,"Свободна, не передана",16094.4,23.0,15.0,,-34.474834665103
Образование,Общеобразовательные учреждения,020-0683,3.11.6.1,наружные инженерные сети,100.0,402.0,26.0,"Свободна, не передана",7515.86,27.0,1.0,33.0,26.29383853871704
Образование,Общеобразовательные учреждения,020-0683,3.11.6.1,наружные инженерные сети,100.0,402.0,26.0,"Свободна, не передана",7515.86,27.0,1.0,29.0,26.29383853871704
Образование,Общеобразовательные учреждения,020-0683,3.11.6.1,наружные инженерные сети,100.0,402.0,26.0,"Свободна, не передана",7515.86,27.0,1.0,34.0,26.29383853871704
Образование,Общеобразовательные учреждения,020-0683,3.11.6.1,наружные инженерные сети,100.0,402.0,26.0,"Свободна, не передана",7515.86,27.0,1.0,37.0,32.69697586827104
Образование,Общеобразовательные учреждения,020-0683,3.11.6.1,наружные инженерные сети,100.0,402.0,26.0,"Свободна, не передана",7515.86,27.0,1.0,39.0,32.974618617376706
Образование,Общеобразовательные учреждения,020-0683,3.11.6.1,наружные инженерные сети,100.0,402.0,26.0,"Свободна, не передана",7515.86,27.0,1.0,38.0,32.974618617376706
Образование,Общеобразовательные учреждения,020-0683,3.11.6.1,наружные инженерные сети,100.0,402.0,26.0,"Свободна, не передана",7515.86,27.0,1.0,36.0,32.69697586827104
Образование,Общеобразовательные учреждения,020-0683,3.11.6.1,наружные инженерные сети,100.0,402.0,26.0,"Свободна, не передана",7515.86,27.0,1.0,35.0,32.69697586827104
Образование,Общеобразовательные учреждения,020-0683,3.11.6.1,наружные инженерные сети,100.0,402.0,26.0,"Свободна, не передана",7515.86,27.0,1.0,46.0,32.974618617376706
Образование,Общеобразовательные учреждения,020-0683,3.11.6.1,наружные инженерные сети,100.0,402.0,26.0,"Свободна, не передана",7515.86,27.0,1.0,41.0,32.974618617376706
Образование,Общеобразовательные учреждения,020-0683,3.11.6.1,наружные инженерные сети,100.0,402.0,26.0,"Свободна, не передана",7515.86,27.0,1.0,40.0,32.974618617376706
Образование,Общеобразовательные учреждения,020-0683,3.11.6.1,наружные инженерные сети,100.0,402.0,26.0,"Свободна, не передана",7515.86,27.0,1.0,24.0,26.29383853871704
Образование,Общеобразовательные учреждения,020-0683,3.11.6.1,наружные инженерные сети,100.0,402.0,26.0,"Свободна, не передана",7515.86,27.0,1.0,25.0,26.29383853871704
Образование,Общеобразовательные учреждения,020-0683,3.11.6.1,наружные инженерные сети,100.0,402.0,26.0,"Свободна, не передана",7515.86,27.0,1.0,42.0,32.974618617376706
Образование,Общеобразовательные учреждения,019-0429,3.11.6.1,наружные инженерные сети,100.0,519.0,-541.0,"Свободна, передана",11410.0,11.0,7.0,65.0,-325.28100680737117
Образование,Общеобразовательные учреждения,019-0429,3.11.6.1,наружные инженерные сети,100.0,519.0,-541.0,"Свободна, передана",11410.0,11.0,7.0,82.0,-305.9668908607855
Образование,Общеобразовательные учреждения,019-0429,3.11.6.1,наружные инженерные сети,100.0,519.0,-541.0,"Свободна, передана",11410.0,11.0,7.0,79.0,-325.28100680737117
Образование,Общеобразовательные учреждения,019-0429,3.11.6.1,наружные инженерные сети,100.0,519.0,-541.0,"Свободна, передана",11410.0,11.0,7.0,84.0,-305.9668908607855
Образование,Общеобразовательные учреждения,019-0429,3.11.6.1,наружные инженерные сети,100.0,519.0,-541.0,"Свободна, передана",11410.0,11.0,7.0,89.0,-305.9668908607855
Образование,Общеобразовательные учреждения,019-0429,3.11.6.1,наружные инженерные сети,100.0,519.0,-541.0,"Свободна, передана",11410.0,11.0,7.0,110.0,-302.29050323171504
Образование,Общеобразовательные учреждения,019-0429,3.11.6.1,наружные инженерные сети,100.0,519.0,-541.0,"Свободна, передана",11410.0,11.0,7.0,99.0,-302.29050323171504
Образование,Общеобразовательные учреждения,019-0429,3.11.6.1,наружные инженерные сети,100.0,519.0,-541.0,"Свободна, передана",11410.0,11.0,7.0,97.0,-305.9668908607855
Образование,Общеобразовательные учреждения,019-0429,3.11.6.1,наружные инженерные сети,100.0,519.0,-541.0,"Свободна, передана",11410.0,11.0,7.0,98.0,-302.29050323171504
Образование,Общеобразовательные учреждения,019-0429,3.11.6.1,наружные инженерные сети,100.0,519.0,-541.0,"Свободна, передана",11410.0,11.0,7.0,117.0,-294.51128615897045
Образование,Общеобразовательные учреждения,019-0429,3.11.6.1,наружные инженерные сети,100.0,519.0,-541.0,"Свободна, передана",11410.0,11.0,7.0,112.0,-294.51128615897045
Образование,Общеобразовательные учреждения,019-0429,3.11.6.1,наружные инженерные сети,100.0,519.0,-541.0,"Свободна, передана",11410.0,11.0,7.0,101.0,-302.29050323171504
Образование,Общеобразовательные учреждения,019-0429,3.11.6.1,наружные инженерные сети,100.0,519.0,-541.0,"Свободна, передана",11410.0,11.0,7.0,104.0,-302.29050323171504
Образование,Общеобразовательные учреждения,019-0429,3.11.6.1,наружные инженерные сети,100.0,519.0,-541.0,"Свободна, передана",11410.0,11.0,7.0,115.0,-294.51128615897045
Образование,Общеобразовательные учреждения,019-0429,3.11.6.1,наружные инженерные сети,100.0,519.0,-541.0,"Свободна, передана",11410.0,11.0,7.0,111.0,-294.51128615897045
Образование,Общеобразовательные учреждения,019-0429,3.11.6.1,наружные инженерные сети,100.0,519.0,-541.0,"Свободна, передана",11410.0,11.0,7.0,105.0,-302.29050323171504
Образование,Общеобразовательные учреждения,019-0429,3.11.6.1,наружные инженерные сети,100.0,519.0,-541.0,"Свободна, передана",11410.0,11.0,7.0,103.0,-302.29050323171504
Образование,Общеобразовательные учреждения,019-0429,3.11.6.1,наружные инженерные сети,100.0,519.0,-541.0,"Свободна, передана",11410.0,11.0,7.0,107.0,-302.29050323171504
Образование,Общеобразовательные учреждения,019-0429,3.11.6.1,наружные инженерные сети,100.0,519.0,-541.0,"Свободна, передана",11410.0,11.0,7.0,109.0,-302.29050323171504
Образование,Общеобразовательные учреждения,019-0676,3.11.6.1,наружные инженерные сети,100.0,390.0,7.0,"Свободна, не передана",6291.0,29.0,20.0,122.0,10.583239631931704
Образование,Общеобразовательные учреждения,019-0676,3.11.6.1,наружные инженерные сети,100.0,390.0,7.0,"Свободна, не передана",6291.0,29.0,20.0,107.0,12.109415072496972
Образование,Общеобразовательные учреждения,019-0676,3.11.6.1,наружные инженерные сети,100.0,390.0,7.0,"Свободна, не передана",6291.0,29.0,20.0,120.0,10.583239631931704
Образование,Общеобразовательные учреждения,019-0676,3.11.6.1,наружные инженерные сети,100.0,390.0,7.0,"Свободна, не передана",6291.0,29.0,20.0,97.0,10.82510687424434
Образование,Общеобразовательные учреждения,019-0676,3.11.6.1,наружные инженерные сети,100.0,390.0,7.0,"Свободна, не передана",6291.0,29.0,20.0,138.0,11.141903626925881
Образование,Общеобразовательные учреждения,019-0676,3.11.6.1,наружные инженерные сети,100.0,390.0,7.0,"Свободна, не передана",6291.0,29.0,20.0,112.0,10.583239631931704
Образование,Общеобразовательные учреждения,019-0676,3.11.6.1,наружные инженерные сети,100.0,390.0,7.0,"Свободна, не передана",6291.0,29.0,20.0,106.0,12.109415072496972
Образование,Общеобразовательные учреждения,019-0676,3.11.6.1,наружные инженерные сети,100.0,390.0,7.0,"Свободна, не передана",6291.0,29.0,20.0,108.0,12.109415072496972
Образование,Общеобразовательные учреждения,019-0676,3.11.6.1,наружные инженерные сети,100.0,390.0,7.0,"Свободна, не передана",6291.0,29.0,20.0,94.0,10.82510687424434
Образование,Общеобразовательные учреждения,019-0676,3.11.6.1,наружные инженерные сети,100.0,390.0,7.0,"Свободна, не передана",6291.0,29.0,20.0,140.0,11.141903626925881
Образование,Общеобразовательные учреждения,019-0676,3.11.6.1,наружные инженерные сети,100.0,390.0,7.0,"Свободна, не передана",6291.0,29.0,20.0,141.0,11.141903626925881
Образование,Общеобразовательные учреждения,019-0676,3.11.6.1,наружные инженерные сети,100.0,390.0,7.0,"Свободна, не передана",6291.0,29.0,20.0,123.0,10.583239631931704
Образование,Общеобразовательные учреждения,019-0676,3.11.6.1,наружные инженерные сети,100.0,390.0,7.0,"Свободна, не передана",6291.0,29.0,20.0,191.0,14.359378446493139
Образование,Общеобразовательные учреждения,019-0676,3.11.6.1,наружные инженерные сети,100.0,390.0,7.0,"Свободна, не передана",6291.0,29.0,20.0,150.0,11.141903626925881
Образование,Общеобразовательные учреждения,019-0676,3.11.6.1,наружные инженерные сети,100.0,390.0,7.0,"Свободна, не передана",6291.0,29.0,20.0,110.0,12.109415072496972
Образование,Общеобразовательные учреждения,019-0676,3.11.6.1,наружные инженерные сети,100.0,390.0,7.0,"Свободна, не передана",6291.0,29.0,20.0,153.0,11.141903626925881
Образование,Общеобразовательные учреждения,019-0676,3.11.6.1,наружные инженерные сети,100.0,390.0,7.0,"Свободна, не передана",6291.0,29.0,20.0,155.0,11.141903626925881
Образование,Общеобразовательные учреждения,019-0676,3.11.6.1,наружные инженерные сети,100.0,390.0,7.0,"Свободна, не передана",6291.0,29.0,20.0,181.0,14.359378446493139
Образование,Общеобразовательные учреждения,020-0720,3.11.6.1,наружные инженерные сети,100.0,278.0,155.0,"Свободна, передана",20164.69,9.0,6.0,186.0,132.6552696581262
Образование,Общеобразовательные учреждения,020-0720,3.11.6.1,наружные инженерные сети,100.0,278.0,155.0,"Свободна, передана",20164.69,9.0,6.0,252.0,131.40215564449656
Образование,Общеобразовательные учреждения,020-0720,3.11.6.1,наружные инженерные сети,100.0,278.0,155.0,"Свободна, передана",20164.69,9.0,6.0,228.0,132.6552696581262
Образование,Общеобразовательные учреждения,020-0720,3.11.6.1,наружные инженерные сети,100.0,278.0,155.0,"Свободна, передана",20164.69,9.0,6.0,238.0,131.40215564449656
Образование,Общеобразовательные учреждения,020-0720,3.11.6.1,наружные инженерные сети,100.0,278.0,155.0,"Свободна, передана",20164.69,9.0,6.0,236.0,131.40215564449656
Образование,Общеобразовательные учреждения,020-0720,3.11.6.1,наружные инженерные сети,100.0,278.0,155.0,"Свободна, передана",20164.69,9.0,6.0,221.0,132.6552696581262
Образование,Общеобразовательные учреждения,020-0720,3.11.6.1,наружные инженерные сети,100.0,278.0,155.0,"Свободна, передана",20164.69,9.0,6.0,234.0,131.40215564449656
Образование,Общеобразовательные учреждения,020-0720,3.11.6.1,наружные инженерные сети,100.0,278.0,155.0,"Свободна, передана",20164.69,9.0,6.0,223.0,132.6552696581262
Образование,Общеобразовательные учреждения,020-0720,3.11.6.1,наружные инженерные сети,100.0,278.0,155.0,"Свободна, передана",20164.69,9.0,6.0,216.0,132.6552696581262
Образование,Общеобразовательные учреждения,020-0720,3.11.6.1,наружные инженерные сети,100.0,278.0,155.0,"Свободна, передана",20164.69,9.0,6.0,203.0,132.6552696581262
Образование,Общеобразовательные учреждения,020-0720,3.11.6.1,наружные инженерные сети,100.0,278.0,155.0,"Свободна, передана",20164.69,9.0,6.0,208.0,132.6552696581262
Образование,Общеобразовательные учреждения,020-0720,3.11.6.1,наружные инженерные сети,100.0,278.0,155.0,"Свободна, передана",20164.69,9.0,6.0,205.0,132.6552696581262
Образование,Общеобразовательные учреждения,020-0720,3.11.6.1,наружные инженерные сети,100.0,278.0,155.0,"Свободна, передана",20164.69,9.0,6.0,210.0,132.6552696581262
Образование,Общеобразовательные учреждения,020-0720,3.11.6.1,наружные инженерные сети,100.0,278.0,155.0,"Свободна, передана",20164.69,9.0,6.0,212.0,132.6552696581262
Образование,Общеобразовательные учреждения,020-0720,3.11.6.1,наружные инженерные сети,100.0,278.0,155.0,"Свободна, передана",20164.69,9.0,6.0,219.0,132.6552696581262
Образование,Общеобразовательные учреждения,020-0720,3.11.6.1,наружные инженерные сети,100.0,278.0,155.0,"Свободна, передана",20164.69,9.0,6.0,213.0,132.6552696581262
Образование,Общеобразовательные учреждения,020-0720,3.11.6.1,наружные инженерные сети,100.0,278.0,155.0,"Свободна, передана",20164.69,9.0,6.0,195.0,132.6552696581262
Образование,Общеобразовательные учреждения,020-0720,3.11.6.1,наружные инженерные сети,100.0,278.0,155.0,"Свободна, передана",20164.69,9.0,6.0,194.0,132.6552696581262
Образование,Общеобразовательные учреждения,020-0720,3.11.6.1,наружные инженерные сети,100.0,278.0,155.0,"Свободна, передана",20164.69,9.0,6.0,190.0,132.6552696581262
Образование,Общеобразовательные учреждения,020-0720,3.11.6.1,наружные инженерные сети,100.0,278.0,155.0,"Свободна, передана",20164.69,9.0,6.0,174.0,132.6552696581262
Образование,Общеобразовательные учреждения,020-0720,3.11.6.1,наружные инженерные сети,100.0,278.0,155.0,"Свободна, передана",20164.69,9.0,6.0,173.0,132.6552696581262
Образование,Общеобразовательные учреждения,020-0720,3.11.6.1,наружные инженерные сети,100.0,278.0,155.0,"Свободна, передана",20164.69,9.0,6.0,80.0,123.09747307900052
Образование,Общеобразовательные учреждения,020-0720,3.11.6.1,наружные инженерные сети,100.0,278.0,155.0,"Свободна, передана",20164.69,9.0,6.0,49.0,120.48450893939265
Образование,Общеобразовательные учреждения,020-0720,3.11.6.1,наружные инженерные сети,100.0,278.0,155.0,"Свободна, передана",20164.69,9.0,6.0,98.0,130.62462330225793
Образование,Общеобразовательные учреждения,020-0720,3.11.6.1,наружные инженерные сети,100.0,278.0,155.0,"Свободна, передана",20164.69,9.0,6.0,167.0,132.6552696581262
Образование,Общеобразовательные учреждения,020-0720,3.11.6.1,наружные инженерные сети,100.0,278.0,155.0,"Свободна, передана",20164.69,9.0,6.0,280.0,131.40215564449656
Образование,Общеобразовательные учреждения,020-0720,3.11.6.1,наружные инженерные сети,100.0,278.0,155.0,"Свободна, передана",20164.69,9.0,6.0,281.0,131.40215564449656
Образование,Общеобразовательные учреждения,020-0720,3.11.6.1,наружные инженерные сети,100.0,278.0,155.0,"Свободна, передана",20164.69,9.0,6.0,283.0,131.40215564449656
Здравоохранение,ССК,019-0481,3.11.6.1,наружные инженерные сети,100.0,967.0,-588.0,,,,,,-96.43414171907014
Здравоохранение,ССК,019-0483,3.11.6.1,наружные инженерные сети,100.0,123.0,119.0,,,,,,67.56107813919365
Здравоохранение,Уникальные,019-0270,3.11.6.1,наружные инженерные сети,100.0,228.0,0.0,,,,,,50.1537128637368
Здравоохранение,Поликлиники,019-0464,3.11.6.1,наружные инженерные сети,100.0,228.0,15.0,,,,,,50.1537128637368
Здравоохранение,Поликлиники,019-0463,3.11.6.1,наружные инженерные сети,100.0,41.0,0.0,,,,,,181.58675834563238
Здравоохранение,Поликлиники,019-0473,3.11.6.1,наружные инженерные сети,100.0,200.0,0.0,,,,,,51.779929971196154
Здравоохранение,Поликлиники,019-0466,3.11.6.1,наружные инженерные сети,100.0,41.0,0.0,,,,,,181.58675834563238
Образование,Общеобразовательные учреждения,021-0781,3.11.6.1,наружные инженерные сети,75.0,63.0,281.0,"Свободна, не передана",8226.4,2.0,0.0,,238.70259176669424
Образование,Общеобразовательные учреждения,022-0176,3.11.6.1,наружные инженерные сети,20.0,67.0,199.0,Не передана,17000.0,4.0,0.0,,92.50151167218976
Образование,Общеобразовательные учреждения,022-0526,3.11.6.1,наружные инженерные сети,5.0,137.0,18.0,,18100.0,0.0,0.0,,24.54069650740449
Образование,Общеобразовательные учреждения,022-0526,3.11.6.1,наружные инженерные сети,5.0,137.0,18.0,"Свободна, не передана",18100.0,0.0,0.0,,43.96783334379083
Образование,Общеобразовательные учреждения,022-0526,3.11.6.1,наружные инженерные сети,5.0,137.0,18.0,Занята,18100.0,0.0,0.0,,29.9036496790508
Образование,Дошкольные учреждения,022-0513,3.11.6.1,наружные инженерные сети,5.0,123.0,64.0,,,,,,114.05697524248214
Образование,Дошкольные учреждения,022-0519,3.11.6.1,наружные инженерные сети,8.0,141.0,-6.0,,,,,,101.22399868732688
Культура,Культурные центры,013-1350,3.11.6.1,наружные инженерные сети,1.0,106.0,177.0,,,,,,127.61986663791969
Здравоохранение,Поликлиники,022-0629,3.11.6.1,наружные инженерные сети,24.0,138.0,105.0,,,,,,89.01178054331132
Образование,Общеобразовательные учреждения,022-0525,4.11,наружные инженерные сети,0.0,0.0,20361.0,Не передана,9900.0,0.0,0.0,,267.9042933376084
Образование,Общеобразовательные учреждения,022-0528,4.11,наружные инженерные сети,0.0,0.0,19953.0,Не передана,12225.0,0.0,0.0,,268.63583028706364
Образование,Общеобразовательные учреждения,022-0528,4.11,наружные инженерные сети,0.0,0.0,19953.0,Занята,12225.0,0.0,0.0,,318.82539847302246
Образование,Общеобразовательные учреждения,021-0048,4.11,наружные инженерные сети,0.0,0.0,20117.0,"Свободна, не передана",9900.0,6.0,0.0,,311.48778673997367
Образование,Общеобразовательные учреждения,021-0048,4.11,наружные инженерные сети,0.0,0.0,20117.0,"Свободна, не передана",10320.0,6.0,0.0,,311.48778673997367
Образование,Дошкольные учреждения,021-0550,4.11,наружные инженерные сети,0.0,0.0,19888.0,,,,,,222.8444678164741
Образование,Дошкольные учреждения,020-0776,4.11,наружные инженерные сети,0.0,0.0,19871.0,,,,,,222.8444678164741
Образование,Дошкольные учреждения,022-0519,4.11,наружные инженерные сети,0.0,0.0,20049.0,,,,,,222.8444678164741
Культура,Культурные центры,013-1350,4.11,наружные инженерные сети,0.0,229.0,185.0,,,,,,94.96932069678067
Здравоохранение,Поликлиники,022-0629,4.11,наружные инженерные сети,0.0,107.0,183.0,,,,,,122.23282183127047
Здравоохранение,Поликлиники,022-0043,4.11,наружные инженерные сети,0.0,109.0,59.0,,,,,,122.23282183127047
Здравоохранение,Поликлиники,022-0631,4.11,наружные инженерные сети,0.0,262.0,0.0,,,,,,101.98628716553863
Образование,Дошкольные учреждения,021-0548,4.11,наружные инженерные сети,0.0,111.0,250.0,,,,,,116.1528091715878
Образование,Дошкольные учреждения,017-0520,4.11,наружные инженерные сети,0.0,332.0,0.0,,,,,,98.72463172413494
Образование,Дошкольные учреждения,020-0151,4.11,наружные инженерные сети,0.0,302.0,517.0,,,,,,113.28919584448956
Образование,Дошкольные учреждения,020-0684,4.11,наружные инженерные сети,0.0,161.0,0.0,,,,,,96.43693527832227
Образование,Дошкольные учреждения,019-0589,4.11,наружные инженерные сети,0.0,91.0,543.0,,,,,,130.4365247393057
Образование,Дошкольные учреждения,022-0518,4.11,наружные инженерные сети,0.0,158.0,100.0,,,,,,96.43693527832227
Образование,Дошкольные учреждения,022-0515,4.11,наружные инженерные сети,0.0,195.0,0.0,,,,,,95.11187492301806
Образование,Дошкольные учреждения,022-0520,4.11,наружные инженерные сети,0.0,157.0,0.0,,,,,,96.43693527832227
Образование,Дошкольные учреждения,022-0513,4.11,наружные инженерные сети,0.0,45.0,0.0,,,,,,223.25630529884057
Образование,Общеобразовательные учреждения,019-0594,4.11,наружные инженерные сети,0.0,91.0,0.0,Занята,17488.0,1.0,2.0,,20.416357143993423
Образование,Общеобразовательные учреждения,019-0594,4.11,наружные инженерные сети,0.0,91.0,0.0,Занята,17488.0,0.0,0.0,,16.246162534021607
Образование,Общеобразовательные учреждения,020-0157,4.11,наружные инженерные сети,0.0,241.0,-14.0,Занята,7243.9,30.0,7.0,39.0,52.76350419313785
Образование,Общеобразовательные учреждения,020-0157,4.11,наружные инженерные сети,0.0,241.0,-14.0,Занята,7243.9,30.0,7.0,44.0,52.76350419313785
Образование,Общеобразовательные учреждения,020-0157,4.11,наружные инженерные сети,0.0,241.0,-14.0,Занята,7243.9,30.0,7.0,48.0,52.76350419313785
Образование,Общеобразовательные учреждения,020-0157,4.11,наружные инженерные сети,0.0,241.0,-14.0,Занята,7243.9,30.0,7.0,52.0,52.76350419313785
Образование,Общеобразовательные учреждения,020-0157,4.11,наружные инженерные сети,0.0,241.0,-14.0,Занята,7243.9,30.0,7.0,53.0,62.586078552075634
Образование,Общеобразовательные учреждения,020-0157,4.11,наружные инженерные сети,0.0,241.0,-14.0,Занята,7243.9,30.0,7.0,21.0,112.88851715009119
Образование,Общеобразовательные учреждения,020-0157,4.11,наружные инженерные сети,0.0,241.0,-14.0,Занята,7243.9,30.0,7.0,49.0,52.76350419313785
Образование,Общеобразовательные учреждения,020-0157,4.11,наружные инженерные сети,0.0,241.0,-14.0,Занята,7243.9,30.0,7.0,8.0,112.88851715009119
Образование,Общеобразовательные учреждения,020-0157,4.11,наружные инженерные сети,0.0,241.0,-14.0,Занята,7243.9,30.0,7.0,55.0,62.586078552075634
Образование,Общеобразовательные учреждения,020-0157,4.11,наружные инженерные сети,0.0,241.0,-14.0,Занята,7243.9,30.0,7.0,51.0,52.76350419313785
Образование,Общеобразовательные учреждения,020-0157,4.11,наружные инженерные сети,0.0,241.0,-14.0,Занята,7243.9,30.0,7.0,23.0,82.86018368896578
Образование,Общеобразовательные учреждения,020-0157,4.11,наружные инженерные сети,0.0,241.0,-14.0,Занята,7243.9,30.0,7.0,45.0,52.76350419313785
Образование,Общеобразовательные учреждения,020-0157,4.11,наружные инженерные сети,0.0,241.0,-14.0,Занята,7243.9,30.0,7.0,50.0,52.76350419313785
Образование,Общеобразовательные учреждения,020-0157,4.11,наружные инженерные сети,0.0,241.0,-14.0,Занята,7243.9,30.0,7.0,60.0,62.586078552075634
Образование,Общеобразовательные учреждения,020-0157,4.11,наружные инженерные сети,0.0,241.0,-14.0,Занята,7243.9,30.0,7.0,56.0,62.586078552075634
Образование,Общеобразовательные учреждения,020-0157,4.11,наружные инженерные сети,0.0,241.0,-14.0,Занята,7243.9,30.0,7.0,57.0,62.586078552075634
Образование,Общеобразовательные учреждения,020-0157,4.11,наружные инженерные сети,0.0,241.0,-14.0,Занята,7243.9,30.0,7.0,63.0,62.586078552075634
Образование,Общеобразовательные учреждения,020-0155,4.11,наружные инженерные сети,0.0,43.0,498.0,Занята,16484.0,8.0,5.0,,529.0325383487705
Образование,Общеобразовательные учреждения,020-0155,4.11,наружные инженерные сети,0.0,43.0,498.0,"Свободна, не передана",16484.0,8.0,5.0,,467.7770573967738
Образование,Общеобразовательные учреждения,020-0155,4.11,наружные инженерные сети,0.0,43.0,498.0,"Свободна, не передана",16484.0,8.0,5.0,10.0,446.9580264480245
Образование,Общеобразовательные учреждения,020-0155,4.11,наружные инженерные сети,0.0,43.0,498.0,"Свободна, не передана",16484.0,8.0,5.0,25.0,428.5238331871326
Образование,Общеобразовательные учреждения,020-0155,4.11,наружные инженерные сети,0.0,43.0,498.0,"Свободна, не передана",16484.0,8.0,5.0,24.0,428.5238331871326
Образование,Общеобразовательные учреждения,020-0155,4.11,наружные инженерные сети,0.0,43.0,498.0,"Свободна, не передана",16484.0,8.0,5.0,20.0,446.9580264480245
Образование,Общеобразовательные учреждения,020-0155,4.11,наружные инженерные сети,0.0,43.0,498.0,"Свободна, не передана",16484.0,8.0,5.0,41.0,404.9410912644654
Образование,Общеобразовательные учреждения,020-0155,4.11,наружные инженерные сети,0.0,43.0,498.0,"Свободна, не передана",16484.0,8.0,5.0,55.0,403.87138858551987
Образование,Общеобразовательные учреждения,020-0155,4.11,наружные инженерные сети,0.0,43.0,498.0,"Свободна, не передана",16484.0,8.0,5.0,58.0,403.87138858551987
Образование,Общеобразовательные учреждения,020-0683,4.11,наружные инженерные сети,0.0,335.0,18.0,"Свободна, не передана",7515.86,27.0,1.0,33.0,59.308391195674304
Образование,Общеобразовательные учреждения,020-0683,4.11,наружные инженерные сети,0.0,335.0,18.0,"Свободна, не передана",7515.86,27.0,1.0,29.0,59.308391195674304
Образование,Общеобразовательные учреждения,020-0683,4.11,наружные инженерные сети,0.0,335.0,18.0,"Свободна, не передана",7515.86,27.0,1.0,34.0,59.308391195674304
Образование,Общеобразовательные учреждения,020-0683,4.11,наружные инженерные сети,0.0,335.0,18.0,"Свободна, не передана",7515.86,27.0,1.0,37.0,73.72664479352369
Образование,Общеобразовательные учреждения,020-0683,4.11,наружные инженерные сети,0.0,335.0,18.0,"Свободна, не передана",7515.86,27.0,1.0,39.0,78.73195984344383
Образование,Общеобразовательные учреждения,020-0683,4.11,наружные инженерные сети,0.0,335.0,18.0,"Свободна, не передана",7515.86,27.0,1.0,38.0,78.73195984344383
Образование,Общеобразовательные учреждения,020-0683,4.11,наружные инженерные сети,0.0,335.0,18.0,"Свободна, не передана",7515.86,27.0,1.0,36.0,73.72664479352369
Образование,Общеобразовательные учреждения,020-0683,4.11,наружные инженерные сети,0.0,335.0,18.0,"Свободна, не передана",7515.86,27.0,1.0,35.0,73.72664479352369
Образование,Общеобразовательные учреждения,020-0683,4.11,наружные инженерные сети,0.0,335.0,18.0,"Свободна, не передана",7515.86,27.0,1.0,46.0,78.73195984344383
Образование,Общеобразовательные учреждения,020-0683,4.11,наружные инженерные сети,0.0,335.0,18.0,"Свободна, не передана",7515.86,27.0,1.0,41.0,78.73195984344383
Образование,Общеобразовательные учреждения,020-0683,4.11,наружные инженерные сети,0.0,335.0,18.0,"Свободна, не передана",7515.86,27.0,1.0,40.0,78.73195984344383
Образование,Общеобразовательные учреждения,020-0683,4.11,наружные инженерные сети,0.0,335.0,18.0,"Свободна, не передана",7515.86,27.0,1.0,24.0,59.308391195674304
Образование,Общеобразовательные учреждения,020-0683,4.11,наружные инженерные сети,0.0,335.0,18.0,"Свободна, не передана",7515.86,27.0,1.0,25.0,59.308391195674304
Образование,Общеобразовательные учреждения,020-0683,4.11,наружные инженерные сети,0.0,335.0,18.0,"Свободна, не передана",7515.86,27.0,1.0,42.0,78.73195984344383
Образование,Общеобразовательные учреждения,019-0429,4.11,наружные инженерные сети,0.0,79.0,308.0,"Свободна, передана",11410.0,11.0,7.0,65.0,277.58487483486897
Образование,Общеобразовательные учреждения,019-0429,4.11,наружные инженерные сети,0.0,79.0,308.0,"Свободна, передана",11410.0,11.0,7.0,82.0,275.4741364788796
Образование,Общеобразовательные учреждения,019-0429,4.11,наружные инженерные сети,0.0,79.0,308.0,"Свободна, передана",11410.0,11.0,7.0,79.0,277.58487483486897
Образование,Общеобразовательные учреждения,019-0429,4.11,наружные инженерные сети,0.0,79.0,308.0,"Свободна, передана",11410.0,11.0,7.0,84.0,275.4741364788796
Образование,Общеобразовательные учреждения,019-0429,4.11,наружные инженерные сети,0.0,79.0,308.0,"Свободна, передана",11410.0,11.0,7.0,89.0,275.4741364788796
Образование,Общеобразовательные учреждения,019-0429,4.11,наружные инженерные сети,0.0,79.0,308.0,"Свободна, передана",11410.0,11.0,7.0,110.0,274.36039879857265
Образование,Общеобразовательные учреждения,019-0429,4.11,наружные инженерные сети,0.0,79.0,308.0,"Свободна, передана",11410.0,11.0,7.0,99.0,274.36039879857265
Образование,Общеобразовательные учреждения,019-0429,4.11,наружные инженерные сети,0.0,79.0,308.0,"Свободна, передана",11410.0,11.0,7.0,97.0,275.4741364788796
Образование,Общеобразовательные учреждения,019-0429,4.11,наружные инженерные сети,0.0,79.0,308.0,"Свободна, передана",11410.0,11.0,7.0,98.0,274.36039879857265
Образование,Общеобразовательные учреждения,019-0429,4.11,наружные инженерные сети,0.0,79.0,308.0,"Свободна, передана",11410.0,11.0,7.0,117.0,269.94220366247066
Образование,Общеобразовательные учреждения,019-0429,4.11,наружные инженерные сети,0.0,79.0,308.0,"Свободна, передана",11410.0,11.0,7.0,112.0,269.94220366247066
Образование,Общеобразовательные учреждения,019-0429,4.11,наружные инженерные сети,0.0,79.0,308.0,"Свободна, передана",11410.0,11.0,7.0,101.0,274.36039879857265
Образование,Общеобразовательные учреждения,019-0429,4.11,наружные инженерные сети,0.0,79.0,308.0,"Свободна, передана",11410.0,11.0,7.0,104.0,274.36039879857265
Образование,Общеобразовательные учреждения,019-0429,4.11,наружные инженерные сети,0.0,79.0,308.0,"Свободна, передана",11410.0,11.0,7.0,115.0,269.94220366247066
Образование,Общеобразовательные учреждения,019-0429,4.11,наружные инженерные сети,0.0,79.0,308.0,"Свободна, передана",11410.0,11.0,7.0,111.0,269.94220366247066
Образование,Общеобразовательные учреждения,019-0429,4.11,наружные инженерные сети,0.0,79.0,308.0,"Свободна, передана",11410.0,11.0,7.0,105.0,274.36039879857265
Образование,Общеобразовательные учреждения,019-0429,4.11,наружные инженерные сети,0.0,79.0,308.0,"Свободна, передана",11410.0,11.0,7.0,103.0,274.36039879857265
Образование,Общеобразовательные учреждения,019-0429,4.11,наружные инженерные сети,0.0,79.0,308.0,"Свободна, передана",11410.0,11.0,7.0,107.0,274.36039879857265
Образование,Общеобразовательные учреждения,019-0429,4.11,наружные инженерные сети,0.0,79.0,308.0,"Свободна, передана",11410.0,11.0,7.0,109.0,274.36039879857265
Образование,Общеобразовательные учреждения,019-0428,4.11,наружные инженерные сети,0.0,389.0,214.0,"Свободна, передана",9067.1,12.0,4.0,36.0,189.40208140269337
Образование,Общеобразовательные учреждения,019-0428,4.11,наружные инженерные сети,0.0,389.0,214.0,"Свободна, передана",9067.1,12.0,4.0,42.0,184.07606641277835
Образование,Общеобразовательные учреждения,019-0428,4.11,наружные инженерные сети,0.0,389.0,214.0,"Свободна, передана",9067.1,12.0,4.0,46.0,184.07606641277835
Образование,Общеобразовательные учреждения,019-0428,4.11,наружные инженерные сети,0.0,389.0,214.0,"Свободна, передана",9067.1,12.0,4.0,48.0,184.07606641277835
Образование,Общеобразовательные учреждения,019-0428,4.11,наружные инженерные сети,0.0,389.0,214.0,"Свободна, передана",9067.1,12.0,4.0,58.0,180.80735197782542
Образование,Общеобразовательные учреждения,019-0428,4.11,наружные инженерные сети,0.0,389.0,214.0,"Свободна, передана",9067.1,12.0,4.0,65.0,180.80735197782542
Образование,Общеобразовательные учреждения,019-0428,4.11,наружные инженерные сети,0.0,389.0,214.0,"Свободна, передана",9067.1,12.0,4.0,66.0,180.80735197782542
Образование,Общеобразовательные учреждения,019-0428,4.11,наружные инженерные сети,0.0,389.0,214.0,"Свободна, передана",9067.1,12.0,4.0,60.0,180.80735197782542
Образование,Общеобразовательные учреждения,019-0428,4.11,наружные инженерные сети,0.0,389.0,214.0,"Свободна, передана",9067.1,12.0,4.0,61.0,180.80735197782542
Образование,Общеобразовательные учреждения,019-0428,4.11,наружные инженерные сети,0.0,389.0,214.0,"Свободна, передана",9067.1,12.0,4.0,54.0,180.80735197782542
Образование,Общеобразовательные учреждения,017-0527,4.11,наружные инженерные сети,0.0,309.0,0.0,Занята,14784.0,8.0,5.0,,23.035862219994144
Образование,Общеобразовательные учреждения,019-0430,4.11,наружные инженерные сети,0.0,237.0,311.0,"Свободна, не передана",16094.4,23.0,15.0,,229.03474277269584
Образование,Общеобразовательные учреждения,020-0156,4.11,наружные инженерные сети,0.0,302.0,548.0,Занята,13288.0,21.0,15.0,,442.0019303824122
Образование,Общеобразовательные учреждения,020-0711,4.11,наружные инженерные сети,0.0,226.0,423.0,"Свободна, передана",7265.0,28.0,19.0,9.0,438.85474518605173
Образование,Общеобразовательные учреждения,020-0711,4.11,наружные инженерные сети,0.0,226.0,423.0,"Свободна, передана",7265.0,28.0,19.0,26.0,402.7829059776534
Образование,Общеобразовательные учреждения,020-0711,4.11,наружные инженерные сети,0.0,226.0,423.0,"Свободна, передана",7265.0,28.0,19.0,25.0,402.7829059776534
Образование,Общеобразовательные учреждения,020-0711,4.11,наружные инженерные сети,0.0,226.0,423.0,"Свободна, передана",7265.0,28.0,19.0,27.0,402.7829059776534
Образование,Общеобразовательные учреждения,020-0711,4.11,наружные инженерные сети,0.0,226.0,423.0,"Свободна, передана",7265.0,28.0,19.0,29.0,402.7829059776534
Образование,Общеобразовательные учреждения,020-0711,4.11,наружные инженерные сети,0.0,226.0,423.0,"Свободна, передана",7265.0,28.0,19.0,28.0,402.7829059776534
Образование,Общеобразовательные учреждения,020-0711,4.11,наружные инженерные сети,0.0,226.0,423.0,"Свободна, передана",7265.0,28.0,19.0,36.0,379.4954387031509
Образование,Общеобразовательные учреждения,020-0711,4.11,наружные инженерные сети,0.0,226.0,423.0,"Свободна, передана",7265.0,28.0,19.0,34.0,402.7829059776534
Образование,Общеобразовательные учреждения,020-0711,4.11,наружные инженерные сети,0.0,226.0,423.0,"Свободна, передана",7265.0,28.0,19.0,35.0,379.4954387031509
Образование,Общеобразовательные учреждения,020-0711,4.11,наружные инженерные сети,0.0,226.0,423.0,"Свободна, передана",7265.0,28.0,19.0,38.0,365.4900504743848
Образование,Общеобразовательные учреждения,020-0711,4.11,наружные инженерные сети,0.0,226.0,423.0,"Свободна, передана",7265.0,28.0,19.0,37.0,379.4954387031509
Образование,Общеобразовательные учреждения,020-0711,4.11,наружные инженерные сети,0.0,226.0,423.0,"Свободна, передана",7265.0,28.0,19.0,42.0,365.4900504743848
Образование,Общеобразовательные учреждения,020-0711,4.11,наружные инженерные сети,0.0,226.0,423.0,"Свободна, передана",7265.0,28.0,19.0,43.0,365.4900504743848
Образование,Общеобразовательные учреждения,022-0522,4.11,наружные инженерные сети,0.0,195.0,0.0,Не передана,13260.0,0.0,0.0,,25.737285866804925
Образование,Общеобразовательные учреждения,022-0522,4.11,наружные инженерные сети,0.0,195.0,0.0,Не передана,13260.0,35.0,24.0,,214.83608528821463
Образование,Общеобразовательные учреждения,022-0527,4.11,наружные инженерные сети,0.0,137.0,4.0,Не передана,9850.0,0.0,0.0,,30.70533972900911
Образование,Общеобразовательные учреждения,022-0527,4.11,наружные инженерные сети,0.0,137.0,4.0,Не передана,9850.0,34.0,23.0,,214.13742645236334
Образование,Общеобразовательные учреждения,022-0176,4.11,наружные инженерные сети,0.0,150.0,-52.0,Не передана,17000.0,4.0,0.0,,4.952825936282423
Образование,Общеобразовательные учреждения,022-0526,4.11,наружные инженерные сети,0.0,160.0,18.0,,18100.0,0.0,0.0,,17.420291300750463
Образование,Общеобразовательные учреждения,022-0526,4.11,наружные инженерные сети,0.0,160.0,18.0,"Свободна, не передана",18100.0,0.0,0.0,,37.29446006713631
Образование,Общеобразовательные учреждения,022-0526,4.11,наружные инженерные сети,0.0,160.0,18.0,Занята,18100.0,0.0,0.0,,22.693690981051347
Образование,Общеобразовательные учреждения,022-0354,4.11,наружные инженерные сети,0.0,79.0,31.0,,20271.0,0.0,0.0,,71.84834250499514
Образование,Общеобразовательные учреждения,022-0354,4.11,наружные инженерные сети,0.0,79.0,31.0,"Свободна, не передана",20271.0,0.0,0.0,,49.60697034710789
Образование,Общеобразовательные учреждения,022-0354,4.11,наружные инженерные сети,0.0,79.0,31.0,Занята,20271.0,0.0,0.0,,34.480945059238735
Образование,Общеобразовательные учреждения,022-0354,4.11,наружные инженерные сети,0.0,79.0,31.0,Занята,20271.0,17.0,13.0,,257.57546454482144
Образование,Дошкольные учреждения,020-0712,4.11,наружные инженерные сети,100.0,180.0,-27.0,,,,,,51.567456371271774
Образование,Дошкольные учреждения,020-0779,4.11,наружные инженерные сети,100.0,187.0,-29.0,,,,,,51.567456371271774
Образование,Дошкольные учреждения,020-0719,4.11,наружные инженерные сети,100.0,425.0,-26.0,,,,,,22.36798355513784
Образование,Общеобразовательные учреждения,020-0708,4.11,наружные инженерные сети,100.0,252.0,46.0,"Свободна, передана",6575.0,25.0,17.0,0.0,114.54611616966126
Здравоохранение,ССК,019-0477,4.11,наружные инженерные сети,100.0,325.0,62.0,,,,,,52.32434127701741
Здравоохранение,ССК,019-0483,4.11,наружные инженерные сети,100.0,637.0,0.0,,,,,,-96.43414171907014
Здравоохранение,Уникальные,019-0270,4.11,наружные инженерные сети,100.0,636.0,204.0,,,,,,-96.43414171907014
Здравоохранение,Поликлиники,019-0476,4.11,наружные инженерные сети,100.0,317.0,69.0,,,,,,50.20949484925583
Здравоохранение,Поликлиники,019-0467,4.11,наружные инженерные сети,100.0,431.0,18.0,,,,,,17.203266456514342
Здравоохранение,Поликлиники,019-0471,4.11,наружные инженерные сети,100.0,455.0,50.0,,,,,,13.569787234322547
Здравоохранение,Поликлиники,019-0472,4.11,наружные инженерные сети,100.0,129.0,237.0,,,,,,56.92417544076851
Здравоохранение,Поликлиники,019-0464,4.11,наружные инженерные сети,100.0,441.0,174.0,,,,,,17.203266456514342
Здравоохранение,Поликлиники,019-0474,4.11,наружные инженерные сети,100.0,355.0,151.0,,,,,,53.47544192005395
Здравоохранение,Поликлиники,019-0470,4.11,наружные инженерные сети,100.0,362.0,0.0,,,,,,53.47544192005395
Здравоохранение,Поликлиники,019-0463,4.11,наружные инженерные сети,100.0,366.0,96.0,,,,,,53.47255641629705
Здравоохранение,Поликлиники,019-0473,4.11,наружные инженерные сети,100.0,461.0,0.0,,,,,,13.569787234322547
Здравоохранение,Поликлиники,019-0465,4.11,наружные инженерные сети,100.0,244.0,63.0,,,,,,48.000945543613184
Здравоохранение,Поликлиники,019-0466,4.11,наружные инженерные сети,100.0,270.0,39.0,,,,,,50.319801039043355
Образование,Общеобразовательные учреждения,019-0675,4.11,наружные инженерные сети,55.0,379.0,151.0,"Свободна, передана",8844.0,26.0,18.0,128.0,110.67955266878363
Образование,Общеобразовательные учреждения,019-0675,4.11,наружные инженерные сети,55.0,379.0,151.0,"Свободна, передана",8844.0,26.0,18.0,168.0,110.30400045572334
Образование,Общеобразовательные учреждения,019-0675,4.11,наружные инженерные сети,55.0,379.0,151.0,"Свободна, передана",8844.0,26.0,18.0,140.0,110.67955266878363
Образование,Общеобразовательные учреждения,019-0675,4.11,наружные инженерные сети,55.0,379.0,151.0,"Свободна, передана",8844.0,26.0,18.0,139.0,110.67955266878363
Образование,Общеобразовательные учреждения,019-0675,4.11,наружные инженерные сети,55.0,379.0,151.0,"Свободна, передана",8844.0,26.0,18.0,138.0,110.67955266878363
Образование,Общеобразовательные учреждения,019-0675,4.11,наружные инженерные сети,55.0,379.0,151.0,"Свободна, передана",8844.0,26.0,18.0,165.0,110.30400045572334
Образование,Общеобразовательные учреждения,019-0675,4.11,наружные инженерные сети,55.0,379.0,151.0,"Свободна, передана",8844.0,26.0,18.0,164.0,110.30400045572334
Образование,Общеобразовательные учреждения,019-0675,4.11,наружные инженерные сети,55.0,379.0,151.0,"Свободна, передана",8844.0,26.0,18.0,160.0,110.30400045572334
Образование,Общеобразовательные учреждения,019-0675,4.11,наружные инженерные сети,55.0,379.0,151.0,"Свободна, передана",8844.0,26.0,18.0,169.0,110.30400045572334
Образование,Общеобразовательные учреждения,019-0675,4.11,наружные инженерные сети,55.0,379.0,151.0,"Свободна, передана",8844.0,26.0,18.0,167.0,110.30400045572334
Образование,Общеобразовательные учреждения,019-0675,4.11,наружные инженерные сети,55.0,379.0,151.0,"Свободна, передана",8844.0,26.0,18.0,163.0,110.30400045572334
Образование,Общеобразовательные учреждения,019-0675,4.11,наружные инженерные сети,55.0,379.0,151.0,"Свободна, передана",8844.0,33.0,22.0,162.0,63.66226212949554
Образование,Общеобразовательные учреждения,019-0675,4.11,наружные инженерные сети,55.0,379.0,151.0,"Свободна, передана",8844.0,33.0,22.0,182.0,63.66226212949554
Образование,Общеобразовательные учреждения,019-0675,4.11,наружные инженерные сети,55.0,379.0,151.0,"Свободна, передана",8844.0,33.0,22.0,181.0,63.66226212949554
Образование,Общеобразовательные учреждения,019-0675,4.11,наружные инженерные сети,55.0,379.0,151.0,"Свободна, передана",8844.0,33.0,22.0,180.0,63.66226212949554
Образование,Общеобразовательные учреждения,019-0675,4.11,наружные инженерные сети,55.0,379.0,151.0,"Свободна, передана",8844.0,33.0,22.0,143.0,63.624116280151874
Образование,Общеобразовательные учреждения,019-0675,4.11,наружные инженерные сети,55.0,379.0,151.0,"Свободна, передана",8844.0,33.0,22.0,142.0,63.624116280151874
Образование,Общеобразовательные учреждения,019-0675,4.11,наружные инженерные сети,55.0,379.0,151.0,"Свободна, передана",8844.0,33.0,22.0,168.0,63.66226212949554
Образование,Общеобразовательные учреждения,019-0675,4.11,наружные инженерные сети,55.0,379.0,151.0,"Свободна, передана",8844.0,33.0,22.0,167.0,63.66226212949554
Образование,Общеобразовательные учреждения,019-0675,4.11,наружные инженерные сети,55.0,379.0,151.0,"Свободна, передана",8844.0,33.0,22.0,178.0,63.66226212949554
Образование,Общеобразовательные учреждения,019-0675,4.11,наружные инженерные сети,55.0,379.0,151.0,"Свободна, передана",8844.0,33.0,22.0,177.0,63.66226212949554
Образование,Общеобразовательные учреждения,019-0675,4.11,наружные инженерные сети,55.0,379.0,151.0,"Свободна, передана",8844.0,33.0,22.0,150.0,63.624116280151874
Образование,Общеобразовательные учреждения,019-0675,4.11,наружные инженерные сети,55.0,379.0,151.0,"Свободна, передана",8844.0,33.0,22.0,128.0,63.624116280151874
Образование,Общеобразовательные учреждения,019-0675,4.11,наружные инженерные сети,55.0,379.0,151.0,"Свободна, передана",8844.0,33.0,22.0,129.0,63.624116280151874
Образование,Общеобразовательные учреждения,019-0675,4.11,наружные инженерные сети,55.0,379.0,151.0,"Свободна, передана",8844.0,33.0,22.0,145.0,63.624116280151874
Образование,Общеобразовательные учреждения,019-0675,4.11,наружные инженерные сети,55.0,379.0,151.0,"Свободна, передана",8844.0,33.0,22.0,146.0,63.624116280151874
Образование,Общеобразовательные учреждения,019-0675,4.11,наружные инженерные сети,55.0,379.0,151.0,"Свободна, передана",8844.0,33.0,22.0,138.0,63.624116280151874
Образование,Общеобразовательные учреждения,019-0675,4.11,наружные инженерные сети,55.0,379.0,151.0,"Свободна, передана",8844.0,33.0,22.0,139.0,63.624116280151874
Образование,Общеобразовательные учреждения,019-0675,4.11,наружные инженерные сети,55.0,379.0,151.0,"Свободна, передана",8844.0,33.0,22.0,166.0,63.66226212949554
Образование,Общеобразовательные учреждения,019-0676,4.11,наружные инженерные сети,60.0,138.0,154.0,"Свободна, не передана",6291.0,29.0,20.0,122.0,116.1467574708991
Образование,Общеобразовательные учреждения,019-0676,4.11,наружные инженерные сети,60.0,138.0,154.0,"Свободна, не передана",6291.0,29.0,20.0,107.0,116.47551931717916
Образование,Общеобразовательные учреждения,019-0676,4.11,наружные инженерные сети,60.0,138.0,154.0,"Свободна, не передана",6291.0,29.0,20.0,120.0,116.1467574708991
Образование,Общеобразовательные учреждения,019-0676,4.11,наружные инженерные сети,60.0,138.0,154.0,"Свободна, не передана",6291.0,29.0,20.0,97.0,115.37800567053303
Образование,Общеобразовательные учреждения,019-0676,4.11,наружные инженерные сети,60.0,138.0,154.0,"Свободна, не передана",6291.0,29.0,20.0,138.0,115.84961359482855
Образование,Общеобразовательные учреждения,019-0676,4.11,наружные инженерные сети,60.0,138.0,154.0,"Свободна, не передана",6291.0,29.0,20.0,112.0,116.1467574708991
Образование,Общеобразовательные учреждения,019-0676,4.11,наружные инженерные сети,60.0,138.0,154.0,"Свободна, не передана",6291.0,29.0,20.0,106.0,116.47551931717916
Образование,Общеобразовательные учреждения,019-0676,4.11,наружные инженерные сети,60.0,138.0,154.0,"Свободна, не передана",6291.0,29.0,20.0,108.0,116.47551931717916
Образование,Общеобразовательные учреждения,019-0676,4.11,наружные инженерные сети,60.0,138.0,154.0,"Свободна, не передана",6291.0,29.0,20.0,94.0,115.37800567053303
Образование,Общеобразовательные учреждения,019-0676,4.11,наружные инженерные сети,60.0,138.0,154.0,"Свободна, не передана",6291.0,29.0,20.0,140.0,115.84961359482855
Образование,Общеобразовательные учреждения,019-0676,4.11,наружные инженерные сети,60.0,138.0,154.0,"Свободна, не передана",6291.0,29.0,20.0,141.0,115.84961359482855
Образование,Общеобразовательные учреждения,019-0676,4.11,наружные инженерные сети,60.0,138.0,154.0,"Свободна, не передана",6291.0,29.0,20.0,123.0,116.1467574708991
Образование,Общеобразовательные учреждения,019-0676,4.11,наружные инженерные сети,60.0,138.0,154.0,"Свободна, не передана",6291.0,29.0,20.0,191.0,114.96319150152488
Образование,Общеобразовательные учреждения,019-0676,4.11,наружные инженерные сети,60.0,138.0,154.0,"Свободна, не передана",6291.0,29.0,20.0,150.0,115.84961359482855
Образование,Общеобразовательные учреждения,019-0676,4.11,наружные инженерные сети,60.0,138.0,154.0,"Свободна, не передана",6291.0,29.0,20.0,110.0,116.47551931717916
Образование,Общеобразовательные учреждения,019-0676,4.11,наружные инженерные сети,60.0,138.0,154.0,"Свободна, не передана",6291.0,29.0,20.0,153.0,115.84961359482855
Образование,Общеобразовательные учреждения,019-0676,4.11,наружные инженерные сети,60.0,138.0,154.0,"Свободна, не передана",6291.0,29.0,20.0,155.0,115.84961359482855
Образование,Общеобразовательные учреждения,019-0676,4.11,наружные инженерные сети,60.0,138.0,154.0,"Свободна, не передана",6291.0,29.0,20.0,181.0,114.96319150152488
Образование,Общеобразовательные учреждения,020-0709,4.11,наружные инженерные сети,27.0,152.0,396.0,"Свободна, не передана",6848.84,27.0,1.0,98.0,345.6758206527829
Образование,Общеобразовательные учреждения,020-0709,4.11,наружные инженерные сети,27.0,152.0,396.0,"Свободна, не передана",6848.84,27.0,1.0,91.0,340.71506172108775
Образование,Общеобразовательные учреждения,020-0709,4.11,наружные инженерные сети,27.0,152.0,396.0,"Свободна, не передана",6848.84,27.0,1.0,86.0,340.71506172108775
Образование,Общеобразовательные учреждения,020-0709,4.11,наружные инженерные сети,27.0,152.0,396.0,"Свободна, не передана",6848.84,27.0,1.0,97.0,340.71506172108775
Образование,Общеобразовательные учреждения,020-0709,4.11,наружные инженерные сети,27.0,152.0,396.0,"Свободна, не передана",6848.84,27.0,1.0,101.0,345.6758206527829
Образование,Общеобразовательные учреждения,020-0709,4.11,наружные инженерные сети,27.0,152.0,396.0,"Свободна, не передана",6848.84,27.0,1.0,96.0,340.71506172108775
Образование,Общеобразовательные учреждения,020-0709,4.11,наружные инженерные сети,27.0,152.0,396.0,"Свободна, не передана",6848.84,27.0,1.0,95.0,340.71506172108775
Образование,Общеобразовательные учреждения,020-0709,4.11,наружные инженерные сети,27.0,152.0,396.0,"Свободна, не передана",6848.84,27.0,1.0,85.0,340.71506172108775
Образование,Общеобразовательные учреждения,020-0709,4.11,наружные инженерные сети,27.0,152.0,396.0,"Свободна, не передана",6848.84,27.0,1.0,94.0,340.71506172108775
Образование,Общеобразовательные учреждения,020-0709,4.11,наружные инженерные сети,27.0,152.0,396.0,"Свободна, не передана",6848.84,27.0,1.0,76.0,332.09526640487405
Образование,Общеобразовательные учреждения,020-0709,4.11,наружные инженерные сети,27.0,152.0,396.0,"Свободна, не передана",6848.84,27.0,1.0,81.0,332.09526640487405
Образование,Общеобразовательные учреждения,020-0709,4.11,наружные инженерные сети,27.0,152.0,396.0,"Свободна, не передана",6848.84,27.0,1.0,69.0,332.09526640487405
Образование,Общеобразовательные учреждения,020-0709,4.11,наружные инженерные сети,27.0,152.0,396.0,"Свободна, не передана",6848.84,27.0,1.0,57.0,332.09526640487405
Образование,Общеобразовательные учреждения,020-0709,4.11,наружные инженерные сети,27.0,152.0,396.0,"Свободна, не передана",6848.84,27.0,1.0,29.0,307.065872971831
Образование,Общеобразовательные учреждения,020-0709,4.11,наружные инженерные сети,27.0,152.0,396.0,"Свободна, не передана",6848.84,27.0,1.0,31.0,307.065872971831
Образование,Общеобразовательные учреждения,020-0709,4.11,наружные инженерные сети,27.0,152.0,396.0,"Свободна, не передана",6848.84,27.0,1.0,17.0,310.47877934061364
Образование,Общеобразовательные учреждения,020-0720,4.11,наружные инженерные сети,43.0,305.0,106.0,"Свободна, передана",20164.69,9.0,6.0,186.0,68.03522821356734
Образование,Общеобразовательные учреждения,020-0720,4.11,наружные инженерные сети,43.0,305.0,106.0,"Свободна, передана",20164.69,9.0,6.0,252.0,66.7821141999377
Образование,Общеобразовательные учреждения,020-0720,4.11,наружные инженерные сети,43.0,305.0,106.0,"Свободна, передана",20164.69,9.0,6.0,228.0,68.03522821356734
Образование,Общеобразовательные учреждения,020-0720,4.11,наружные инженерные сети,43.0,305.0,106.0,"Свободна, передана",20164.69,9.0,6.0,238.0,66.7821141999377
Образование,Общеобразовательные учреждения,020-0720,4.11,наружные инженерные сети,43.0,305.0,106.0,"Свободна, передана",20164.69,9.0,6.0,236.0,66.7821141999377
Образование,Общеобразовательные учреждения,020-0720,4.11,наружные инженерные сети,43.0,305.0,106.0,"Свободна, передана",20164.69,9.0,6.0,221.0,68.03522821356734
Образование,Общеобразовательные учреждения,020-0720,4.11,наружные инженерные сети,43.0,305.0,106.0,"Свободна, передана",20164.69,9.0,6.0,234.0,66.7821141999377
Образование,Общеобразовательные учреждения,020-0720,4.11,наружные инженерные сети,43.0,305.0,106.0,"Свободна, передана",20164.69,9.0,6.0,223.0,68.03522821356734
Образование,Общеобразовательные учреждения,020-0720,4.11,наружные инженерные сети,43.0,305.0,106.0,"Свободна, передана",20164.69,9.0,6.0,216.0,68.03522821356734
Образование,Общеобразовательные учреждения,020-0720,4.11,наружные инженерные сети,43.0,305.0,106.0,"Свободна, передана",20164.69,9.0,6.0,203.0,68.03522821356734
Образование,Общеобразовательные учреждения,020-0720,4.11,наружные инженерные сети,43.0,305.0,106.0,"Свободна, передана",20164.69,9.0,6.0,208.0,68.03522821356734
Образование,Общеобразовательные учреждения,020-0720,4.11,наружные инженерные сети,43.0,305.0,106.0,"Свободна, передана",20164.69,9.0,6.0,205.0,68.03522821356734
Образование,Общеобразовательные учреждения,020-0720,4.11,наружные инженерные сети,43.0,305.0,106.0,"Свободна, передана",20164.69,9.0,6.0,210.0,68.03522821356734
Образование,Общеобразовательные учреждения,020-0720,4.11,наружные инженерные сети,43.0,305.0,106.0,"Свободна, передана",20164.69,9.0,6.0,212.0,68.03522821356734
Образование,Общеобразовательные учреждения,020-0720,4.11,наружные инженерные сети,43.0,305.0,106.0,"Свободна, передана",20164.69,9.0,6.0,219.0,68.03522821356734
Образование,Общеобразовательные учреждения,020-0720,4.11,наружные инженерные сети,43.0,305.0,106.0,"Свободна, передана",20164.69,9.0,6.0,213.0,68.03522821356734
Образование,Общеобразовательные учреждения,020-0720,4.11,наружные инженерные сети,43.0,305.0,106.0,"Свободна, передана",20164.69,9.0,6.0,195.0,68.03522821356734
Образование,Общеобразовательные учреждения,020-0720,4.11,наружные инженерные сети,43.0,305.0,106.0,"Свободна, передана",20164.69,9.0,6.0,194.0,68.03522821356734
Образование,Общеобразовательные учреждения,020-0720,4.11,наружные инженерные сети,43.0,305.0,106.0,"Свободна, передана",20164.69,9.0,6.0,190.0,68.03522821356734
Образование,Общеобразовательные учреждения,020-0720,4.11,наружные инженерные сети,43.0,305.0,106.0,"Свободна, передана",20164.69,9.0,6.0,174.0,68.03522821356734
Образование,Общеобразовательные учреждения,020-0720,4.11,наружные инженерные сети,43.0,305.0,106.0,"Свободна, передана",20164.69,9.0,6.0,173.0,68.03522821356734
Образование,Общеобразовательные учреждения,020-0720,4.11,наружные инженерные сети,43.0,305.0,106.0,"Свободна, передана",20164.69,9.0,6.0,80.0,69.37464174484685
Образование,Общеобразовательные учреждения,020-0720,4.11,наружные инженерные сети,43.0,305.0,106.0,"Свободна, передана",20164.69,9.0,6.0,49.0,69.40444417019923
Образование,Общеобразовательные учреждения,020-0720,4.11,наружные инженерные сети,43.0,305.0,106.0,"Свободна, передана",20164.69,9.0,6.0,98.0,71.83534256076649
Образование,Общеобразовательные учреждения,020-0720,4.11,наружные инженерные сети,43.0,305.0,106.0,"Свободна, передана",20164.69,9.0,6.0,167.0,68.03522821356734
Образование,Общеобразовательные учреждения,020-0720,4.11,наружные инженерные сети,43.0,305.0,106.0,"Свободна, передана",20164.69,9.0,6.0,280.0,66.7821141999377
Образование,Общеобразовательные учреждения,020-0720,4.11,наружные инженерные сети,43.0,305.0,106.0,"Свободна, передана",20164.69,9.0,6.0,281.0,66.7821141999377
Образование,Общеобразовательные учреждения,020-0720,4.11,наружные инженерные сети,43.0,305.0,106.0,"Свободна, передана",20164.69,9.0,6.0,283.0,66.7821141999377
Образование,Общеобразовательные учреждения,022-0170,4.11,наружные инженерные сети,83.0,282.0,175.0,"Свободна, передана",16402.54,1.0,2.0,271.0,36.81053689611524
Образование,Общеобразовательные учреждения,022-0170,4.11,наружные инженерные сети,83.0,282.0,175.0,"Свободна, передана",16402.54,1.0,2.0,339.0,36.81053689611524
Образование,Общеобразовательные учреждения,022-0170,4.11,наружные инженерные сети,83.0,282.0,175.0,"Свободна, передана",16402.54,1.0,2.0,307.0,36.81053689611524
Образование,Общеобразовательные учреждения,022-0170,4.11,наружные инженерные сети,83.0,282.0,175.0,"Свободна, передана",16402.54,1.0,2.0,338.0,36.81053689611524
Образование,Общеобразовательные учреждения,022-0170,4.11,наружные инженерные сети,83.0,282.0,175.0,"Свободна, передана",16402.54,1.0,2.0,279.0,36.81053689611524
Образование,Общеобразовательные учреждения,022-0170,4.11,наружные инженерные сети,83.0,282.0,175.0,"Свободна, передана",16402.54,1.0,2.0,334.0,36.81053689611524
Образование,Общеобразовательные учреждения,022-0170,4.11,наружные инженерные сети,83.0,282.0,175.0,"Свободна, передана",16402.54,1.0,2.0,464.0,36.81053689611524
Образование,Общеобразовательные учреждения,022-0170,4.11,наружные инженерные сети,83.0,282.0,175.0,"Свободна, передана",16402.54,1.0,2.0,492.0,36.81053689611524
Образование,Общеобразовательные учреждения,022-0170,4.11,наружные инженерные сети,83.0,282.0,175.0,"Свободна, передана",16402.54,1.0,2.0,458.0,36.81053689611524
Образование,Общеобразовательные учреждения,022-0170,4.11,наружные инженерные сети,83.0,282.0,175.0,"Свободна, передана",16402.54,1.0,2.0,463.0,36.81053689611524
Образование,Общеобразовательные учреждения,022-0170,4.11,наружные инженерные сети,83.0,282.0,175.0,"Свободна, передана",16402.54,1.0,2.0,477.0,36.81053689611524
Образование,Общеобразовательные учреждения,022-0170,4.11,наружные инженерные сети,83.0,282.0,175.0,"Свободна, передана",16402.54,1.0,2.0,482.0,36.81053689611524
Образование,Общеобразовательные учреждения,022-0170,4.11,наружные инженерные сети,83.0,282.0,175.0,"Свободна, передана",16402.54,1.0,2.0,468.0,36.81053689611524
Образование,Общеобразовательные учреждения,022-0170,4.11,наружные инженерные сети,83.0,282.0,175.0,"Свободна, передана",16402.54,1.0,2.0,497.0,36.81053689611524
Образование,Общеобразовательные учреждения,022-0170,4.11,наружные инженерные сети,83.0,282.0,175.0,"Свободна, передана",16402.54,1.0,2.0,485.0,36.81053689611524
Образование,Общеобразовательные учреждения,022-0170,4.11,наружные инженерные сети,83.0,282.0,175.0,"Свободна, передана",16402.54,1.0,2.0,486.0,36.81053689611524
Образование,Общеобразовательные учреждения,022-0170,4.11,наружные инженерные сети,83.0,282.0,175.0,"Свободна, передана",16402.54,1.0,2.0,530.0,36.81053689611524
Образование,Общеобразовательные учреждения,022-0170,4.11,наружные инженерные сети,83.0,282.0,175.0,"Свободна, передана",16402.54,1.0,2.0,489.0,36.81053689611524
Образование,Общеобразовательные учреждения,022-0170,4.11,наружные инженерные сети,83.0,282.0,175.0,"Свободна, передана",16402.54,1.0,2.0,465.0,36.81053689611524
Образование,Общеобразовательные учреждения,022-0170,4.11,наружные инженерные сети,83.0,282.0,175.0,"Свободна, передана",16402.54,1.0,2.0,451.0,36.81053689611524
Образование,Общеобразовательные учреждения,020-0710,4.11,наружные инженерные сети,95.0,180.0,124.0,"Свободна, передана",8067.83,8.0,5.0,97.0,90.20858529087812
Образование,Общеобразовательные учреждения,020-0710,4.11,наружные инженерные сети,95.0,180.0,124.0,"Свободна, передана",8067.83,8.0,5.0,73.0,78.65195705798766
Образование,Общеобразовательные учреждения,020-0710,4.11,наружные инженерные сети,95.0,180.0,124.0,"Свободна, передана",8067.83,8.0,5.0,96.0,90.20858529087812
Образование,Общеобразовательные учреждения,020-0710,4.11,наружные инженерные сети,95.0,180.0,124.0,"Свободна, передана",8067.83,8.0,5.0,92.0,90.20858529087812
Образование,Общеобразовательные учреждения,020-0710,4.11,наружные инженерные сети,95.0,180.0,124.0,"Свободна, передана",8067.83,8.0,5.0,93.0,90.20858529087812
Образование,Общеобразовательные учреждения,020-0710,4.11,наружные инженерные сети,95.0,180.0,124.0,"Свободна, передана",8067.83,8.0,5.0,184.0,89.00640189039466
Образование,Общеобразовательные учреждения,020-0710,4.11,наружные инженерные сети,95.0,180.0,124.0,"Свободна, передана",8067.83,8.0,5.0,183.0,89.00640189039466
Образование,Общеобразовательные учреждения,020-0710,4.11,наружные инженерные сети,95.0,180.0,124.0,"Свободна, передана",8067.83,8.0,5.0,169.0,89.00640189039466
Образование,Общеобразовательные учреждения,020-0710,4.11,наружные инженерные сети,95.0,180.0,124.0,"Свободна, передана",8067.83,8.0,5.0,186.0,89.00640189039466
Образование,Общеобразовательные учреждения,020-0710,4.11,наружные инженерные сети,95.0,180.0,124.0,"Свободна, передана",8067.83,8.0,5.0,185.0,89.00640189039466
Образование,Общеобразовательные учреждения,020-0710,4.11,наружные инженерные сети,95.0,180.0,124.0,"Свободна, передана",8067.83,8.0,5.0,187.0,89.00640189039466
Образование,Общеобразовательные учреждения,020-0710,4.11,наружные инженерные сети,95.0,180.0,124.0,"Свободна, передана",8067.83,8.0,5.0,168.0,89.00640189039466
Образование,Общеобразовательные учреждения,020-0710,4.11,наружные инженерные сети,95.0,180.0,124.0,"Свободна, передана",8067.83,8.0,5.0,172.0,89.00640189039466
Образование,Общеобразовательные учреждения,020-0710,4.11,наружные инженерные сети,95.0,180.0,124.0,"Свободна, передана",8067.83,8.0,5.0,171.0,89.00640189039466
Образование,Общеобразовательные учреждения,020-0710,4.11,наружные инженерные сети,95.0,180.0,124.0,"Свободна, передана",8067.83,8.0,5.0,182.0,89.00640189039466
Образование,Общеобразовательные учреждения,020-0710,4.11,наружные инженерные сети,95.0,180.0,124.0,"Свободна, передана",8067.83,8.0,5.0,181.0,89.00640189039466
Образование,Общеобразовательные учреждения,020-0710,4.11,наружные инженерные сети,95.0,180.0,124.0,"Свободна, передана",8067.83,8.0,5.0,147.0,89.54647307370854
Образование,Общеобразовательные учреждения,020-0710,4.11,наружные инженерные сети,95.0,180.0,124.0,"Свободна, передана",8067.83,8.0,5.0,148.0,89.54647307370854
Образование,Общеобразовательные учреждения,020-0710,4.11,наружные инженерные сети,95.0,180.0,124.0,"Свободна, передана",8067.83,8.0,5.0,176.0,89.00640189039466
Образование,Общеобразовательные учреждения,020-0710,4.11,наружные инженерные сети,95.0,180.0,124.0,"Свободна, передана",8067.83,8.0,5.0,175.0,89.00640189039466
Образование,Общеобразовательные учреждения,020-0710,4.11,наружные инженерные сети,95.0,180.0,124.0,"Свободна, передана",8067.83,8.0,5.0,132.0,89.54647307370854
Образование,Общеобразовательные учреждения,020-0710,4.11,наружные инженерные сети,95.0,180.0,124.0,"Свободна, передана",8067.83,8.0,5.0,131.0,89.54647307370854
Образование,Общеобразовательные учреждения,020-0710,4.11,наружные инженерные сети,95.0,180.0,124.0,"Свободна, передана",8067.83,8.0,5.0,149.0,89.54647307370854
Образование,Общеобразовательные учреждения,020-0710,4.11,наружные инженерные сети,95.0,180.0,124.0,"Свободна, передана",8067.83,8.0,5.0,142.0,89.54647307370854
Образование,Общеобразовательные учреждения,020-0710,4.11,наружные инженерные сети,95.0,180.0,124.0,"Свободна, передана",8067.83,8.0,5.0,143.0,89.54647307370854
Образование,Общеобразовательные учреждения,020-0710,4.11,наружные инженерные сети,95.0,180.0,124.0,"Свободна, передана",8067.83,8.0,5.0,156.0,89.54647307370854
Образование,Общеобразовательные учреждения,020-0710,4.11,наружные инженерные сети,95.0,180.0,124.0,"Свободна, передана",8067.83,8.0,5.0,157.0,89.54647307370854
Образование,Общеобразовательные учреждения,020-0710,4.11,наружные инженерные сети,95.0,180.0,124.0,"Свободна, передана",8067.83,8.0,5.0,163.0,89.00640189039466
Образование,Дошкольные учреждения,022-0171,4.11,наружные инженерные сети,88.0,294.0,85.0,,,,,,61.150051625619604
Образование,Дошкольные учреждения,020-0149,4.11,наружные инженерные сети,88.0,332.0,79.0,,,,,,62.032033135723005
Здравоохранение,ССК,019-0481,4.11,наружные инженерные сети,94.0,670.0,79.0,,,,,,-86.86848586606737
Здравоохранение,Поликлиники,019-0469,4.11,наружные инженерные сети,80.0,533.0,69.0,,,,,,-75.10700479634144
Здравоохранение,Уникальные,019-0167,4.11,наружные инженерные сети,97.0,887.0,51.0,,,,,,-94.11356684716492
Здравоохранение,Уникальные,020-0682,4.11,наружные инженерные сети,36.0,656.0,0.0,,,,,,-59.50900203578826
Здравоохранение,ССК,019-0480,4.11,наружные инженерные сети,95.0,485.0,-1.0,,,,,,22.993356888498397
Здравоохранение,Поликлиники,019-0475,4.11,наружные инженерные сети,99.0,499.0,75.0,,,,,,-95.35387334200706
Образование,Дошкольные учреждения,019-0668,4.11,наружные инженерные сети,86.0,102.0,274.0,,,,,,98.76370376936015
